﻿{
	"SDD11": "loss",
	"SDD12": "loss",
	"SDD22": "loss",
	"SDD21": "loss",
	"SDC11": "loss",
	"SDC12": "loss",
	"SDC22": "loss",
	"SDC21": "loss",
	"SCC11": "loss",
	"SCC12": "loss",
	"SCC22": "loss",
	"SCC21": "loss",
	"SCD11": "loss",
	"SCD12": "loss",
	"SCD22": "loss",
	"SCD21": "loss",
	"SCD21-SDD21": "loss",
	"PSKEW": "loss",
	"ILD": "loss",
	"TDD11": "loss",
	"TDD22": "loss",
	"TDD12": "loss",
	"TDD21": "loss",
	"TCC11": "loss",
	"TCC22": "loss",
	"TCD11": "loss",
	"TCD22": "loss",
	"NEXT": "next",
	"FEXT": "fext",
	"MDNEXT": "next",
	"MDFEXT": "fext"


}