﻿<?xml version="1.0" encoding="utf-8"?>
<TestItem xmlns:xsd="http://www.w3.org/2001/XMLSchema" xmlns:xsi="http://www.w3.org/2001/XMLSchema-instance">
  <Diff>
    <string>SDD21</string>
	<string>SDD12</string>
	<string>SDD11</string>
	<string>SDD22</string>
	<string>SCD21</string>
	<string>SCD12</string>
	<string>SCD22</string>
	<string>SCD11</string>
	<string>SDC11</string>
	<string>SDC22</string>
	<string>SDC12</string>
	<string>SDC21</string>
	<string>SCC11</string>
	<string>SCC22</string>
	<string>SCC12</string>
	<string>SCC21</string>
	<string>SCD21-SDD21</string>
	<string>ILD</string>
	<string>NEXT</string>
	<string>FEXT</string>
	<string>MDNEXT</string>
	<string>MDFEXT</string>
  </Diff>
  <Single>
    <string>S11</string>
	<string>S12</string>
	<string>S13</string>
	<string>S14</string>
	<string>S21</string>
	<string>S22</string>
	<string>S23</string>
	<string>S24</string>
	 <string>S31</string>
	<string>S32</string>
	<string>S33</string>
	<string>S34</string>
	 <string>S41</string>
	<string>S42</string>
	<string>S43</string>
	<string>S44</string>
  </Single>
  <Tdr>
    <string>TDD11</string>
	<string>TDD22</string>
	<string>TDD12</string>
	<string>TDD21</string>
	<string>TCC11</string>
	<string>TCC22</string>
	<string>TCD11</string>
	<string>TCD22</string>
	<string>T11</string>
	<string>T22</string>
	<string>T33</string>
	<string>T44</string>
	<string>T12</string>
	<string>T34</string>
	<string>T13</string>
	<string>T24</string>
  </Tdr>
  <DiffPair>
    <string>TX1</string>
	<string>RX1</string>
	<string>TX2</string>
	<string>RX2</string>
	<string>TX3</string>
	<string>RX3</string>
	<string>TX4</string>
	<string>RX4</string>
	<string>TX5</string>
	<string>RX5</string>
	<string>TX6</string>
	<string>RX6</string>
	<string>TX7</string>
	<string>RX7</string>
	<string>TX8</string>
	<string>RX8</string>
  </DiffPair>
  <NextPair>
    <string>TX1-RX1</string>
	<string>TX2-RX1</string>
	<string>TX3-RX1</string>
	<string>TX4-RX1</string>
	<string>TX1-RX2</string>
	<string>TX2-RX2</string>
	<string>TX3-RX2</string>
	<string>TX4-RX2</string>
	<string>TX1-RX3</string>
	<string>TX2-RX3</string>
	<string>TX3-RX3</string>
	<string>TX4-RX3</string>
	<string>TX1-RX4</string>
	<string>TX2-RX4</string>
	<string>TX3-RX4</string>
	<string>TX4-RX4</string>
	    <string>TX5-RX5</string>
	<string>TX6-RX5</string>
	<string>TX7-RX5</string>
	<string>TX8-RX5</string>
	<string>TX5-RX6</string>
	<string>TX6-RX6</string>
	<string>TX7-RX6</string>
	<string>TX8-RX6</string>
	<string>TX5-RX7</string>
	<string>TX6-RX7</string>
	<string>TX7-RX7</string>
	<string>TX8-RX7</string>
	<string>TX5-RX8</string>
	<string>TX6-RX8</string>
	<string>TX7-RX8</string>
	<string>TX8-RX8</string>
  </NextPair>
  <FextPair>
    <string>TX2-RX1</string>
	<string>TX3-RX1</string>
	<string>TX4-RX1</string>
	<string>TX1-RX2</string>
	<string>TX3-RX2</string>
	<string>TX4-RX2</string>
	<string>TX1-RX3</string>
	<string>TX2-RX3</string>
	<string>TX4-RX3</string>
	<string>TX1-RX4</string>
	<string>TX2-RX4</string>
	<string>TX3-RX4</string>
	    <string>TX6-RX5</string>
	<string>TX7-RX5</string>
	<string>TX8-RX5</string>
	<string>TX5-RX6</string>
	<string>TX7-RX6</string>
	<string>TX8-RX6</string>
	<string>TX5-RX7</string>
	<string>TX6-RX7</string>
	<string>TX8-RX7</string>
	<string>TX5-RX8</string>
	<string>TX7-RX8</string>
	<string>TX8-RX8</string>
  </FextPair>
</TestItem>